,Resid,Resname,Charge,Removed atoms,Fixed atoms,Segids
0,16,TYR,0,"['N', 'H', 'C', 'O']",['CA'],QM
1,20,VAL,0,"['N', 'H', 'C', 'O']",['CA'],QM
2,40,ASP,-1,"['N', 'H', 'C', 'O']",['CA'],QM
3,57,TYR,0,"['N', 'H', 'C', 'O']",['CA'],QM
4,60,GLY,0,"['N', 'H']",['CA'],QM
5,61,LEU,0,"['C', 'O']",['CA'],QM
6,66,VAL,0,"['N', 'H', 'C', 'O']",['CA'],QM
7,86,PHE,0,"['N', 'H', 'C', 'O']",['CA'],QM
8,88,VAL,0,"['N', 'H', 'C', 'O']",['CA'],QM
9,90,MET,0,"['N', 'H', 'C', 'O']",['CA'],QM
10,99,LEU,0,"['N', 'H', 'C', 'O']",['CA'],QM
11,101,VAL,0,"['N', 'H', 'C', 'O']",['CA'],QM
12,103,ASH,0,"['N', 'H', 'C', 'O']",['CA'],QM
13,116,MET,0,"['N', 'H', 'C', 'O']",['CA'],QM
14,118,ALA,0,"['N', 'H', 'C', 'O']",['CA'],QM
15,120,TRP,0,"['N', 'H', 'C', 'O']",['CA'],QM
16,201,6VW,0,[],[],QM
17,372,WAT,0,[],[],QM
18,373,WAT,0,[],[],QM
19,376,WAT,0,[],[],QM
20,378,WAT,0,[],[],QM
21,379,WAT,0,[],[],QM
22,380,WAT,0,[],[],QM
